{"cameraMode":{"drawMode":0,"name":"Shaded","section":"Shading Mode"},"sceneLighting":true,"audioPlay":false,"sceneViewState":{"showFog":true,"showMaterialUpdate":false,"showSkybox":true,"showFlares":true,"showImageEffects":true,"showParticleSystems":true},"in2DMode":false,"pivot":{"x":9.354157447814942,"y":35.9212532043457,"z":31.134334564208986},"rotation":{"x":-0.010716534219682217,"y":-0.13039357960224152,"z":0.0014079773100093008,"w":-0.9914066195487976},"size":32.568965911865237,"orthographic":false}