{"cameraMode":{"drawMode":0,"name":"Shaded","section":"Shading Mode"},"sceneLighting":true,"audioPlay":false,"sceneViewState":{"showFog":true,"showMaterialUpdate":false,"showSkybox":true,"showFlares":true,"showImageEffects":true,"showParticleSystems":true},"in2DMode":false,"pivot":{"x":37.45402526855469,"y":28.243087768554689,"z":28.335006713867189},"rotation":{"x":-0.09047746658325196,"y":0.9093359112739563,"z":-0.29661816358566286,"w":-0.27738019824028017},"size":557344.4375,"orthographic":false}